1981,1982,1983,1984,1985,1986,1987,1988,1989,1990,1991,1992,1993,1994,1995,1996,1997,1998,1999,2000
72.538,72.751,72.929,73.071,73.181,73.262,73.325,73.378,73.425,73.468,73.509,73.544,73.573,73.598,73.622,73.646,73.671,73.7,73.738,73.787
43.923,44.617,45.324,46.04,46.761,47.486,48.211,48.93,49.64,50.331,50.999,51.641,52.256,52.842,53.398,53.924,54.424,54.906,55.376,55.841
44.404,44.611,44.799,44.966,45.107,45.213,45.283,45.317,45.324,45.306,45.271,45.23,45.201,45.201,45.246,45.35,45.519,45.763,46.093,46.522
70.416,70.635,70.876,71.134,71.388,71.605,71.76,71.843,71.86,71.836,71.803,71.802,71.86,71.992,72.205,72.495,72.838,73.208,73.587,73.955
68.701,69.158,69.585,69.986,70.363,70.717,71.049,71.361,71.657,71.939,72.208,72.466,72.715,72.957,73.194,73.428,73.657,73.883,74.106,74.327
69.777,70.033,70.262,70.466,70.65,70.825,71.001,71.186,71.384,71.594,71.813,72.032,72.246,72.453,72.651,72.843,73.029,73.213,73.396,73.576
70.91,70.776,70.519,70.15,69.698,69.205,68.732,68.332,68.038,67.879,67.87,67.99,68.218,68.538,68.938,69.404,69.912,70.434,70.944,71.409
68.818,69.156,69.491,69.82,70.137,70.44,70.728,71.004,71.267,71.52,71.765,72.006,72.247,72.489,72.732,72.977,73.222,73.465,73.705,73.94
74.66341463,74.90487805,75.14634146,75.38780488,75.62926829,75.87073171,76.15170732,76.43268293,76.71365854,76.99463415,77.27560976,77.37804878,77.87804878,77.87804878,77.82926829,78.07804878,78.4804878,78.63170732,78.93170732,79.23414634
72.81219512,72.96097561,73.01219512,73.61219512,73.81463415,74.31707317,74.76829268,75.21707317,75.26585366,75.56829268,75.61707317,75.81707317,76.06829268,76.4195122,76.66829268,76.87073171,77.3195122,77.67073171,77.87560976,78.12682927
64.28,64.425,64.587,64.759,64.913,65.016,65.053,65.021,64.935,64.827,64.745,64.731,64.81,64.991,65.256,65.573,65.899,66.207,66.491,66.763
47.083,47.324,47.581,47.844,48.08,48.243,48.301,48.244,48.08,47.829,47.522,47.212,46.953,46.786,46.758,46.905,47.226,47.708,48.339,49.091
73.62170732,73.88804878,73.86902439,74.40487805,74.5202439,74.73170732,75.36585366,75.56585366,75.63268293,76.05195122,76.19219512,76.35121951,76.34536585,76.69170732,76.84073171,77.18731707,77.37073171,77.47317073,77.6195122,77.72195122
47.643,48.145,48.71,49.339,50.034,50.79,51.581,52.372,53.132,53.812,54.366,54.776,55.042,55.174,55.203,55.17,55.133,55.139,55.218,55.391
46.984,47.81,48.486,48.992,49.323,49.492,49.55,49.545,49.505,49.454,49.409,49.374,49.36,49.38,49.445,49.557,49.713,49.914,50.168,50.489
53.376,53.794,54.225,54.693,55.21,55.772,56.359,56.958,57.571,58.21,58.891,59.618,60.388,61.19,62.002,62.798,63.553,64.25,64.881,65.447
71.57195122,71.18609756,71.38634146,71.4997561,71.22804878,71.73073171,71.52682927,71.60439024,71.72243902,71.64146341,71.56097561,71.49439024,71.34682927,71.20878049,71.05341463,70.89731707,70.35121951,71.06097561,71.41219512,71.66341463
69.951,70.317,70.651,70.957,71.237,71.496,71.736,71.962,72.178,72.39,72.598,72.803,73.006,73.209,73.413,73.619,73.826,74.033,74.239,74.44
67.615,67.769,67.962,68.196,68.474,68.793,69.139,69.496,69.854,70.199,70.518,70.807,71.061,71.276,71.451,71.589,71.698,71.786,71.858,71.914
70.601,70.82,71.061,71.315,71.534,71.65,71.626,71.461,71.184,70.877,70.645,70.577,70.725,71.093,71.645,72.307,72.976,73.569,74.05,74.403
69.81917073,69.90821951,70.06465854,70.27192683,70.99268293,71.5495122,70.9902439,71.34146341,71.48292683,70.83658537,70.37804878,70.02195122,68.97073171,68.76829268,68.46097561,68.51219512,68.46097561,68.40731707,67.90731707,68.91219512
69.921,70.257,70.575,70.865,71.11,71.294,71.405,71.437,71.386,71.242,70.996,70.662,70.268,69.845,69.439,69.1,68.858,68.734,68.734,68.847
50.883,51.427,51.98,52.543,53.115,53.695,54.284,54.881,55.486,56.099,56.721,57.351,57.989,58.631,59.276,59.922,60.566,61.204,61.835,62.452
62.976,63.326,63.68,64.039,64.406,64.782,65.165,65.553,65.947,66.343,66.742,67.141,67.539,67.932,68.318,68.695,69.061,69.419,69.769,70.116
72.618,72.98,73.303,73.585,73.825,74.029,74.206,74.372,74.534,74.704,74.892,75.101,75.332,75.583,75.852,76.131,76.41,76.68,76.933,77.162
67.786,68.117,68.421,68.7,68.96,69.208,69.45,69.691,69.935,70.185,70.439,70.696,70.951,71.207,71.465,71.727,71.994,72.265,72.538,72.809
46.204,46.954,47.702,48.442,49.173,49.901,50.632,51.372,52.122,52.878,53.633,54.384,55.131,55.878,56.636,57.418,58.236,59.089,59.974,60.884
59.647,60.109,60.543,60.916,61.167,61.227,61.059,60.651,60.016,59.191,58.232,57.219,56.222,55.284,54.41,53.572,52.749,51.947,51.214,50.629
75.46341463,75.76341463,76.06585366,76.21707317,76.36829268,76.5195122,76.7195122,76.9195122,77.1195122,77.42195122,77.62195122,77.72439024,77.82439024,77.82682927,78.02926829,78.1804878,78.43170732,78.63414634,78.88536585,79.13658537
75.69317073,76.03390244,76.03121951,76.60853659,76.73365854,76.89902439,77.19756098,77.22658537,77.42121951,77.24243902,77.51463415,77.80609756,78.08536585,78.35,78.41707317,78.89609756,79.0795122,79.32439024,79.5804878,79.6804878
69.655,70.239,70.782,71.282,71.737,72.148,72.524,72.872,73.198,73.509,73.808,74.1,74.386,74.671,74.957,75.244,75.53,75.813,76.092,76.366
67.26,67.627,67.949,68.231,68.473,68.673,68.831,68.954,69.054,69.145,69.242,69.355,69.496,69.67,69.885,70.14,70.428,70.737,71.063,71.397
51.525,51.94,52.314,52.645,52.922,53.139,53.286,53.357,53.35,53.254,53.062,52.779,52.423,52.013,51.569,51.109,50.657,50.242,49.891,49.635
51.933,52.312,52.67,52.997,53.273,53.476,53.591,53.611,53.536,53.362,53.088,52.738,52.343,51.936,51.554,51.238,51.009,50.885,50.878,50.993
46.651,46.937,47.208,47.461,47.705,47.955,48.221,48.502,48.787,49.043,49.225,49.311,49.302,49.22,49.111,49.04,49.066,49.233,49.557,50.041
54.506,54.76,54.978,55.15,55.26,55.294,55.247,55.119,54.917,54.638,54.281,53.867,53.424,52.984,52.583,52.252,52.016,51.899,51.925,52.123
67.38,67.802,68.187,68.529,68.823,69.065,69.266,69.436,69.591,69.75,69.936,70.161,70.433,70.752,71.112,71.497,71.887,72.264,72.619,72.945
51.265,51.925,52.58,53.221,53.843,54.446,55.033,55.605,56.154,56.677,57.168,57.623,58.038,58.407,58.722,58.972,59.16,59.294,59.388,59.46
61.794,62.101,62.392,62.689,63.004,63.338,63.678,64.015,64.349,64.676,64.992,65.298,65.598,65.899,66.224,66.596,67.026,67.512,68.041,68.583
72.678,73.193,73.657,74.07,74.429,74.738,75.006,75.243,75.456,75.654,75.844,76.028,76.211,76.394,76.579,76.765,76.948,77.124,77.293,77.452
74.004,74.175,74.315,74.427,74.511,74.566,74.595,74.607,74.615,74.638,74.696,74.801,74.957,75.164,75.412,75.686,75.964,76.23,76.475,76.699
74.983,75.173,75.358,75.54,75.718,75.893,76.064,76.231,76.394,76.554,76.712,76.866,77.017,77.166,77.312,77.456,77.598,77.738,77.875,78.009
70.72219512,70.80780488,70.59146341,70.83756098,71.04634146,70.99731707,71.44560976,71.64146341,71.67560976,71.38390244,71.89829268,72.27170732,72.76780488,72.97268293,73.07487805,73.71463415,73.82487805,74.51463415,74.66829268,74.96829268
72.95039024,73.227,73.50519512,73.78292683,74.05463415,74.31373171,74.55968293,74.7924878,75.01314634,75.2277561,75.3195122,75.8195122,75.87073171,76.27073171,76.42195122,76.67317073,77.07317073,77.47560976,77.72682927,77.92682927
54.049,54.451,54.828,55.174,55.488,55.772,56.032,56.271,56.488,56.678,56.831,56.943,57.017,57.056,57.065,57.05,57.022,56.998,56.992,57.022
74.2304878,74.55121951,74.4204878,74.56219512,74.42756098,74.5797561,74.69121951,74.77170732,74.7997561,74.80536585,75.15780488,75.19414634,75.11682927,75.37512195,75.21268293,75.59146341,75.94512195,76.13902439,76.34146341,76.59268293
63.234,63.601,63.964,64.326,64.692,65.065,65.443,65.822,66.201,66.574,66.932,67.272,67.591,67.887,68.164,68.425,68.677,68.925,69.175,69.429
59.519,60.813,62.029,63.13,64.087,64.884,65.545,66.097,66.554,66.938,67.27,67.575,67.877,68.194,68.54,68.919,69.323,69.745,70.183,70.64
64.089,64.669,65.246,65.814,66.371,66.911,67.436,67.943,68.431,68.899,69.347,69.777,70.189,70.587,70.972,71.348,71.716,72.075,72.425,72.761
58.995,59.671,60.372,61.091,61.806,62.487,63.11,63.662,64.143,64.572,64.978,65.392,65.831,66.298,66.779,67.249,67.68,68.051,68.357,68.602
46.927,47.187,47.441,47.695,47.956,48.23,48.522,48.841,49.192,49.588,50.04,50.545,51.1,51.696,52.316,52.938,53.548,54.137,54.707,55.273
75.52853659,76.13414634,75.90902439,76.29536585,76.2595122,76.5104878,76.72804878,76.74707317,76.81365854,76.83756098,76.97121951,77.41,77.54658537,77.90146341,77.98073171,78.1204878,78.60414634,78.66585366,78.71707317,78.96585366
68.97804878,69.12682927,69.37560976,69.27804878,69.3804878,70.08536585,70.64390244,70.69756098,70.03902439,69.47560976,69.37317073,68.86341463,67.9097561,66.5,67.54390244,69.61219512,69.8097561,69.35853659,70.06341463,70.41707317
43.675,43.712,43.885,44.199,44.633,45.147,45.682,46.194,46.667,47.099,47.504,47.911,48.344,48.81,49.303,49.81,50.32,50.835,51.366,51.941
73.74658537,74.29804878,74.20097561,74.51902439,74.22292683,74.56,74.59195122,74.57707317,74.79219512,74.81317073,75.22756098,75.45536585,75.70512195,76.39560976,76.4095122,76.69341463,76.87853659,77.09073171,77.29121951,77.46585366
64.217,64.436,64.651,64.857,65.041,65.19,65.299,65.365,65.391,65.379,65.336,65.278,65.218,65.17,65.15,65.175,65.246,65.36,65.512,65.687
74.3,74.5,74.8,75,75.3,75.6,75.8,76.1,76.34878049,76.6,76.84878049,77.1,77.3,77.64878049,77.75121951,77.95365854,78.30487805,78.60487805,78.75609756,79.05609756
62.528,62.693,62.834,62.955,63.064,63.169,63.273,63.38,63.492,63.605,63.715,63.814,63.901,63.978,64.049,64.121,64.202,64.298,64.413,64.55
56.061,56.873,57.674,58.444,59.153,59.767,60.266,60.633,60.865,60.965,60.944,60.833,60.659,60.439,60.175,59.854,59.479,59.066,58.646,58.264
74.02682927,74.17804878,74.37804878,74.77804878,74.62926829,74.92926829,75.2804878,75.3804878,75.58292683,75.8804878,76.08292683,76.43414634,76.38536585,76.88536585,76.83658537,77.08780488,77.21097561,77.1902439,77.3902439,77.74146341
69.726,69.768,69.844,69.954,70.088,70.226,70.339,70.407,70.425,70.386,70.29,70.156,70.003,69.849,69.718,69.635,69.613,69.654,69.756,69.902
52.585,52.92,53.286,53.685,54.127,54.622,55.159,55.717,56.271,56.776,57.182,57.462,57.605,57.62,57.528,57.366,57.187,57.045,56.972,57.002
42.002,42.783,43.64,44.558,45.52,46.503,47.474,48.399,49.247,49.987,50.593,51.066,51.413,51.64,51.744,51.727,51.616,51.456,51.295,51.203
47.133,47.903,48.645,49.348,49.998,50.577,51.082,51.518,51.892,52.221,52.528,52.834,53.157,53.508,53.889,54.296,54.715,55.133,55.547,55.956
44.402,44.733,45.046,45.342,45.627,45.907,46.19,46.481,46.783,47.095,47.411,47.726,48.038,48.348,48.658,48.973,49.301,49.642,49.999,50.368
44.819,45.466,46.039,46.528,46.938,47.293,47.63,47.981,48.36,48.775,49.229,49.708,50.2,50.694,51.184,51.659,52.112,52.538,52.93,53.279
73.9694878,74.279,74.56585366,74.82912195,75.0785122,75.32970732,75.59814634,75.8912439,76.68780488,76.93902439,77.13658537,77.38292683,77.3902439,77.63902439,77.58536585,77.68536585,78.13658537,77.83902439,77.98780488,77.88780488
68.012,68.128,68.234,68.341,68.462,68.612,68.798,69.024,69.292,69.598,69.937,70.295,70.659,71.015,71.356,71.673,71.964,72.226,72.455,72.648
57.719,58.183,58.661,59.154,59.661,60.176,60.694,61.214,61.735,62.261,62.799,63.352,63.921,64.502,65.09,65.678,66.257,66.817,67.351,67.849
69.567,69.864,70.151,70.431,70.701,70.96,71.209,71.45,71.687,71.925,72.167,72.42,72.685,72.967,73.267,73.589,73.93,74.283,74.646,75.011
62.565,62.626,62.684,62.741,62.801,62.869,62.95,63.046,63.159,63.287,63.427,63.576,63.73,63.891,64.064,64.255,64.468,64.705,64.964,65.242
75.32439024,75.42926829,75.27560976,76.02926829,76.43414634,76.68536585,76.88292683,77.08292683,77.02926829,77.3804878,77.88292683,77.67804878,78.03170732,78.52926829,78.68292683,79.62682927,80.12682927,80.13170732,80.38292683,80.87804878
60.427,61.236,62.05,62.859,63.643,64.382,65.062,65.679,66.229,66.723,67.175,67.605,68.028,68.45,68.871,69.284,69.676,70.041,70.378,70.689
70.34439024,70.48268293,70.27487805,70.21853659,70.88609756,71.41902439,71.4702439,71.48829268,71.84463415,72.1704878,72.18536585,71.24146341,71.52243902,71.80341463,72.08439024,72.36536585,72.49512195,72.31707317,72.64195122,72.80780488
51.347,51.668,51.987,52.309,52.637,52.97,53.302,53.628,53.949,54.265,54.58,54.894,55.209,55.523,55.829,56.121,56.393,56.648,56.891,57.131
69.13926829,69.35780488,68.97365854,69.02585366,68.97219512,69.17341463,69.65121951,70.02341463,69.46170732,69.31560976,69.37707317,69.11707317,69.10121951,69.4697561,69.79170732,70.32878049,70.70243902,70.55780488,70.67707317,71.24634146
58.489,58.966,59.423,59.863,60.287,60.7,61.107,61.512,61.915,62.32,62.727,63.131,63.529,63.919,64.291,64.637,64.954,65.244,65.513,65.772
54.268,54.686,55.074,55.441,55.801,56.169,56.553,56.963,57.4,57.865,58.353,58.851,59.349,59.84,60.32,60.783,61.233,61.669,62.093,62.505
72.85609756,73.08807317,73.31368293,73.53146341,73.74236585,73.95141463,74.16253659,74.37770732,74.59590244,74.80909756,75.00526829,75.18095122,75.33612195,75.47680488,75.61756098,75.83170732,75.98536585,76.1804878,76.08292683,76.53658537
53.453,53.126,53.287,53.983,55.196,56.828,58.665,60.516,62.272,63.837,65.153,66.243,67.137,67.84,68.377,68.791,69.139,69.471,69.813,70.176
59.448,59.275,59.454,60.002,60.877,61.979,63.147,64.246,65.212,66.011,66.653,67.191,67.668,68.089,68.446,68.731,68.936,69.06,69.108,69.082
76.52146341,77.03780488,76.84560976,77.57658537,77.60243902,77.99073171,77.33902439,77.08292683,78.14097561,78.03634146,77.99195122,78.7602439,78.93463415,79.24707317,77.98439024,78.77780488,78.88536585,79.60243902,79.35121951,79.65365854
74.35390244,74.81463415,74.6402439,75.3895122,75.47073171,75.77073171,76.2195122,76.37073171,76.8195122,76.97073171,77.0195122,77.4195122,77.72195122,77.92195122,78.17073171,78.52195122,78.82439024,78.97560976,79.42439024,79.77804878
71.012,71.217,71.416,71.614,71.823,72.056,72.317,72.601,72.903,73.204,73.485,73.727,73.918,74.053,74.133,74.167,74.172,74.164,74.152,74.142
66.656,67.086,67.5,67.899,68.283,68.649,68.992,69.311,69.604,69.872,70.113,70.331,70.529,70.712,70.885,71.053,71.219,71.386,71.556,71.73
76.41439024,76.92292683,76.96146341,77.36536585,77.6504878,78.06463415,78.48365854,78.39926829,78.81804878,78.83682927,79.10073171,79.15390244,79.29365854,79.68707317,79.53634146,80.2002439,80.42414634,80.50146341,80.57073171,81.07609756
66.70609756,66.78780488,67.66219512,68.53658537,68.53658537,68.91341463,69.2902439,68.84878049,68.2902439,68.33658537,67.6,67.4,65.4,64.9,63.5,63.6,64,64.5,65.63,65.45
58.316,58.676,58.94,59.093,59.12,59.01,58.773,58.422,57.967,57.406,56.736,55.973,55.151,54.31,53.486,52.709,52.014,51.448,51.059,50.921
63.26363415,63.65887805,64.0775122,64.50492683,64.91895122,65.29378049,65.61119512,65.85858537,67.90731707,68.29756098,68.55121951,68.10243902,67.19268293,66.03902439,65.7902439,66.54390244,66.89268293,67.05121951,68.65609756,68.55853659
33.342,39.157,44.173,48.025,50.563,51.916,52.587,52.999,53.302,53.595,53.916,54.228,54.514,54.82,55.189,55.653,56.212,56.862,57.604,58.432
56.266,56.569,56.886,57.221,57.579,57.962,58.366,58.783,59.209,59.636,60.053,60.455,60.837,61.198,61.539,61.866,62.188,62.509,62.829,63.144
66.54634146,67.09512195,67.54634146,68.19512195,68.79512195,69.44634146,69.99756098,70.54878049,71.04878049,71.59756098,72.04634146,72.49756098,72.99756098,73.39756098,73.7,74.15121951,74.60243902,75.00487805,75.4097561,75.9097561
70.028,70.344,70.64,70.914,71.167,71.398,71.61,71.805,71.985,72.15,72.3,72.435,72.556,72.666,72.764,72.852,72.931,73.004,73.074,73.142
49.386,49.753,50.162,50.61,51.084,51.566,52.04,52.497,52.935,53.364,53.799,54.258,54.753,55.285,55.851,56.44,57.04,57.637,58.225,58.803
68.113,68.287,68.478,68.689,68.918,69.163,69.42,69.689,69.969,70.266,70.584,70.929,71.3,71.699,72.125,72.576,73.046,73.528,74.017,74.507
46.474,46.776,46.962,47.038,47.004,46.862,46.645,46.399,46.174,46.046,46.097,46.357,46.832,47.506,48.314,49.163,49.963,50.657,51.234,51.734
64.771,65.306,65.793,66.235,66.644,67.03,67.405,67.775,68.141,68.503,68.85,69.175,69.469,69.732,69.965,70.169,70.352,70.522,70.684,70.852
68.484,68.803,69.11,69.407,69.698,69.985,70.266,70.54,70.81,71.074,71.335,71.592,71.843,72.087,72.323,72.547,72.759,72.958,73.144,73.319
68.529,68.801,68.975,69.057,69.079,69.086,69.121,69.209,69.352,69.509,69.62,69.639,69.557,69.403,69.259,69.237,69.419,69.845,70.503,71.333
57.319,57.901,58.437,58.91,59.309,59.632,59.868,60,60.003,59.837,59.464,58.868,58.05,57.022,55.782,54.334,52.728,51.034,49.328,47.691
70.46073171,70.83682927,70.77780488,70.32,70.50121951,72.08073171,71.93463415,71.76219512,71.42536585,71.16073171,70.36414634,70.23439024,68.9104878,68.5302439,69.00634146,70.10804878,70.90902439,71.2195122,71.57073171,72.0195122
72.35768293,72.65346341,72.95887805,73.27192683,73.5857561,73.89460976,74.1937561,74.48034146,74.75241463,75.01041463,75.46341463,75.77073171,75.71219512,76.37073171,76.51219512,76.5195122,76.8804878,77.01707317,77.77073171,77.87317073
68.78634146,69.32829268,69.11902439,69.16292683,69.29146341,70.62243902,70.69292683,70.61536585,70.15536585,69.27317073,69.03243902,68.39609756,66.72268293,65.66439024,66.39121951,68.77658537,69.34926829,69.01219512,69.74292683,70.31463415
74.33,74.677,75.02,75.362,75.702,76.036,76.363,76.68,76.99,77.296,77.607,77.926,78.253,78.588,78.925,79.256,79.573,79.872,80.15,80.407
58.339,59.139,59.936,60.717,61.469,62.188,62.877,63.535,64.157,64.732,65.251,65.715,66.128,66.501,66.846,67.175,67.508,67.86,68.245,68.684
65.022,65.205,65.499,65.887,66.33,66.772,67.156,67.44,67.605,67.643,67.563,67.408,67.221,67.03,66.867,66.761,66.722,66.752,66.852,67.006
49.26,49.442,49.56,49.634,49.694,49.781,49.932,50.176,50.53,51.003,51.595,52.278,53.022,53.808,54.616,55.43,56.239,57.028,57.782,58.485
53.998,54.913,55.787,56.621,57.424,58.213,59.008,59.823,60.664,61.529,62.413,63.302,64.185,65.059,65.923,66.784,67.644,68.501,69.348,70.173
67.031,67.493,67.942,68.38,68.809,69.232,69.649,70.062,70.469,70.866,71.248,71.61,71.953,72.279,72.598,72.925,73.268,73.625,73.988,74.34
68.77360976,68.944,69.16904878,69.44663415,69.76365854,70.09495122,70.41295122,70.69763415,70.942,71.14763415,71.32565854,71.49473171,71.67092683,71.69268293,71.84878049,72.49512195,72.44634146,72.29756098,72.7902439,72.94634146
40.435,41.173,41.879,42.545,43.17,43.759,44.315,44.838,45.323,45.746,46.076,46.305,46.445,46.52,46.573,46.658,46.823,47.103,47.515,48.069
73.31090244,73.59814634,73.94,74.33097561,74.75814634,75.20419512,75.64482927,76.06265854,76.44526829,76.78607317,77.08446341,77.35080488,77.5934878,77.81753659,77.2902439,77.34146341,77.73902439,77.58780488,77.5,78.34878049
53.315,53.726,54.14,54.556,54.97,55.375,55.768,56.144,56.505,56.849,57.18,57.504,57.823,58.141,58.46,58.78,59.101,59.422,59.744,60.063
73.07034146,73.25570732,73.42185366,73.57109756,73.71134146,73.85514634,74.00687805,74.16390244,74.31797561,74.44336585,74.51041463,74.50065854,74.40860976,74.24221951,74.02221951,73.77878049,73.54904878,73.36385366,73.23863415,73.18207317
57.074,57.295,57.595,57.968,58.392,58.836,59.266,59.655,59.992,60.268,60.486,60.67,60.841,61.015,61.211,61.447,61.73,62.063,62.446,62.869
43.521,43.527,43.56,43.637,43.772,43.975,44.235,44.541,44.887,45.261,45.647,46.033,46.41,46.772,47.123,47.47,47.826,48.194,48.572,48.946
55.486,56.066,56.643,57.204,57.735,58.226,58.671,59.065,59.405,59.688,59.914,60.092,60.231,60.341,60.426,60.493,60.545,60.593,60.643,60.706
67.40739024,67.76536585,68.03760976,68.23036585,68.37068293,68.49936585,68.6555122,68.86302439,69.12402439,69.40487805,69.95609756,70.05853659,70.10731707,70.15853659,70.32585366,70.32292683,70.40487805,70.60731707,70.96097561,71.66341463
44.646,44.954,45.216,45.432,45.606,45.746,45.86,45.957,46.038,46.096,46.121,46.108,46.055,45.969,45.846,45.677,45.479,45.285,45.136,45.09
68.461,68.788,69.09,69.366,69.621,69.866,70.11,70.358,70.612,70.865,71.106,71.326,71.519,71.687,71.834,71.972,72.11,72.257,72.418,72.594
57.69,58.049,58.464,58.933,59.451,60.007,60.556,61.044,61.42,61.608,61.531,61.165,60.516,59.609,58.479,57.179,55.806,54.462,53.231,52.192
66.70243902,66.9195122,68.58780488,68.06341463,68.76585366,69.06341463,69.42682927,69.45365854,69.08536585,70.48536585,70.35853659,71.61463415,71.65609756,70.67317073,72.0097561,71.99756098,71.73902439,74.37560976,73.87560976,75.16341463
39.45,39.927,40.385,40.821,41.241,41.654,42.079,42.53,43.014,43.538,44.103,44.703,45.33,45.979,46.641,47.307,47.97,48.627,49.279,49.928
45.637,45.867,46.023,46.106,46.127,46.101,46.048,45.99,45.939,45.9,45.875,45.857,45.845,45.843,45.854,45.88,45.923,45.994,46.103,46.267
58.757,59.196,59.671,60.189,60.761,61.394,62.079,62.803,63.549,64.293,65.011,65.683,66.297,66.849,67.344,67.798,68.234,68.667,69.1,69.527
75.93439024,75.98853659,76.16414634,76.23317073,76.28463415,76.2704878,76.70512195,76.8902439,76.73414634,76.87804878,77,77.21707317,76.91658537,77.37512195,77.40463415,77.43560976,77.79439024,77.88292683,77.83658537,77.98780488
75.86902439,76.01097561,76.06682927,76.22439024,75.91682927,76.24121951,76.08170732,76.2204878,76.5004878,76.53731707,76.98073171,77.18439024,77.15170732,77.6897561,77.73658537,78.1504878,78.14268293,78.32926829,78.28292683,78.63414634
47.45,48.142,48.852,49.577,50.324,51.095,51.891,52.712,53.551,54.404,55.262,56.118,56.964,57.793,58.6,59.383,60.144,60.884,61.6,62.288
73.62195122,73.72439024,73.77560976,74.37073171,73.82926829,74.12195122,74.17804878,74.42439024,74.82439024,75.37804878,76.03170732,76.12439024,76.43414634,76.88292683,76.73414634,76.78780488,77.33414634,78.08536585,77.8902439,78.63658537
60.659,61.523,62.356,63.153,63.915,64.638,65.324,65.975,66.593,67.18,67.739,68.273,68.786,69.283,69.77,70.25,70.726,71.197,71.664,72.126
57.206,57.546,57.882,58.213,58.54,58.863,59.18,59.493,59.799,60.1,60.393,60.68,60.96,61.235,61.505,61.773,62.039,62.303,62.564,62.82
70.537,70.858,71.163,71.453,71.732,72,72.257,72.506,72.747,72.982,73.212,73.439,73.661,73.879,74.092,74.3,74.5,74.694,74.881,75.06
60.804,61.378,61.958,62.542,63.132,63.731,64.338,64.949,65.56,66.165,66.757,67.33,67.88,68.405,68.903,69.378,69.834,70.274,70.7,71.111
63.87,64.067,64.26,64.451,64.655,64.895,65.186,65.534,65.933,66.366,66.811,67.239,67.628,67.962,68.231,68.431,68.574,68.675,68.744,68.793
53.276,53.763,54.197,54.581,54.925,55.242,55.548,55.855,56.168,56.492,56.823,57.152,57.473,57.781,58.073,58.344,58.594,58.828,59.049,59.265
71.05121951,71.10243902,71,70.8,70.54878049,70.84878049,70.89756098,71.33170732,71.04390244,70.8902439,70.58780488,71.0902439,71.59512195,71.69512195,71.89268293,72.24634146,72.64634146,72.99756098,73.04390244,73.74878049
73.79746341,73.90858537,74.03663415,74.17763415,74.30919512,74.40039024,74.43097561,74.39409756,74.29895122,74.16917073,74.03880488,73.94636585,73.92087805,73.97690244,74.12456098,74.36146341,74.66404878,75.00729268,75.3754878,76.68926829
66.571,66.924,67.255,67.569,67.9,68.284,68.719,69.177,69.611,69.896,69.879,69.492,68.742,67.698,66.537,65.495,64.772,64.493,64.684,65.268
71.61463415,72.41463415,72.26585366,72.51463415,72.81463415,73.26585366,73.66585366,73.71463415,74.26585366,73.96585366,74.01463415,74.31219512,74.51219512,74.91463415,75.31219512,75.26097561,75.41219512,75.71219512,75.96341463,76.31463415
67.192,67.343,67.479,67.603,67.723,67.85,67.993,68.157,68.343,68.545,68.753,68.958,69.152,69.335,69.511,69.69,69.88,70.087,70.31,70.546
65.234,65.854,66.407,66.883,67.278,67.604,67.888,68.156,68.424,68.704,69.007,69.332,69.678,70.044,70.426,70.815,71.202,71.58,71.946,72.303
73.239,73.589,73.922,74.237,74.537,74.821,75.091,75.349,75.593,75.824,76.041,76.241,76.427,76.599,76.759,76.909,77.052,77.19,77.327,77.467
69.36829268,69.53170732,69.72634146,69.65878049,69.70682927,69.49634146,69.22682927,69.38804878,69.53073171,69.74121951,69.78439024,69.78439024,69.56341463,69.5097561,69.45609756,69.10487805,69.00487805,69.80731707,70.51219512,71.16341463
67.26390244,67.80609756,67.65268293,67.20268293,67.85682927,69.3897561,69.44,69.46439024,69.17170732,68.88609756,68.47439024,66.87317073,64.93585366,64.46707317,64.69073171,65.85414634,66.69878049,67.0297561,65.98219512,65.48365854
49.498,50.487,51.342,51.888,51.685,50.233,47.409,43.361,38.439,33.413,29.248,26.691,26.172,27.738,31.037,35.38,39.838,43.686,46.639,48.649
63.66,64.411,65.122,65.795,66.43,67.028,67.589,68.116,68.611,69.078,69.522,69.945,70.349,70.733,71.099,71.445,71.766,72.06,72.327,72.561
54.342,54.435,54.534,54.645,54.768,54.901,55.039,55.182,55.334,55.5,55.687,55.899,56.14,56.41,56.709,57.032,57.374,57.73,58.096,58.472
49.94,50.938,51.945,52.946,53.914,54.813,55.61,56.283,56.818,57.202,57.43,57.529,57.535,57.48,57.404,57.342,57.323,57.376,57.523,57.787
72.58780488,72.68780488,73.03658537,73.2902439,73.8902439,74.24634146,74.54878049,74.69756098,74.94634146,75.29512195,75.64634146,75.94634146,76.04634146,76.19756098,76.29512195,76.59512195,76.89756098,77.3,77.55121951,77.95121951
62.798,63.091,63.338,63.547,63.724,63.872,63.998,64.114,64.231,64.365,64.527,64.725,64.961,65.237,65.552,65.903,66.278,66.665,67.057,67.442
40.386,40.504,40.545,40.506,40.377,40.147,39.827,39.439,39.009,38.563,38.122,37.717,37.384,37.158,37.083,37.194,37.496,37.98,38.634,39.441
56.658,57.058,57.601,58.283,59.097,60.025,61.024,62.044,63.05,64,64.858,65.617,66.273,66.824,67.277,67.651,67.978,68.284,68.581,68.875
45.068,45.394,45.696,45.961,46.146,46.2,46.115,45.912,45.634,45.378,45.26,45.361,45.721,46.337,47.151,48.067,48.967,49.754,50.392,50.869
39.206,39.41,39.671,40.005,40.423,40.931,41.513,42.149,42.825,43.524,44.232,44.932,45.611,46.257,46.855,47.395,47.884,48.333,48.754,49.166
60.014,59.992,59.878,59.688,59.442,59.161,58.874,58.608,58.392,58.247,58.188,58.212,58.318,58.511,58.795,59.172,59.631,60.159,60.742,61.365
65.873,66.154,66.409,66.631,66.819,66.978,67.113,67.233,67.341,67.436,67.519,67.59,67.647,67.695,67.731,67.753,67.762,67.768,67.781,67.822
70.62926829,70.68902439,70.47902439,70.75097561,70.73463415,71.02121951,71.08878049,71.20780488,71.02634146,70.93268293,70.88292683,71.79512195,72.44878049,72.3,72.25365854,72.65365854,72.70487805,72.55121951,72.90243902,73.05121951
71.20487805,71.05365854,70.54146341,70.90243902,71.35121951,71.80243902,72.00243902,72.44634146,72.70487805,73.20487805,73.35365854,73.30487805,73.25365854,73.40487805,73.95853659,74.45853659,74.70731707,74.80731707,75.0097561,75.41219512
76.02609756,76.32731707,76.55170732,76.81585366,76.66780488,76.93121951,77.09219512,76.97926829,77.72682927,77.53682927,77.66682927,77.99878049,78.0604878,78.6502439,78.7404878,78.95902439,79.19756098,79.33902439,79.44146341,79.64390244
56.453,57.307,58.158,58.978,59.749,60.46,61.081,61.572,61.885,61.95,61.7,61.112,60.192,58.958,57.422,55.606,53.595,51.498,49.424,47.49
66.359,66.928,67.477,68.005,68.508,68.981,69.423,69.831,70.207,70.553,70.871,71.167,71.444,71.708,71.961,72.205,72.439,72.664,72.882,73.11
45.071,45.351,45.63,45.903,46.162,46.397,46.601,46.772,46.91,47.019,47.108,47.187,47.265,47.345,47.426,47.498,47.559,47.61,47.657,47.713
52.863,53.365,53.839,54.276,54.673,55.028,55.336,55.592,55.784,55.887,55.872,55.734,55.485,55.147,54.757,54.36,54.001,53.722,53.547,53.491
64.993,65.635,66.353,67.128,67.911,68.641,69.265,69.745,70.071,70.248,70.3,70.281,70.239,70.202,70.191,70.215,70.267,70.348,70.463,70.623
57.314,57.602,57.975,58.413,58.847,59.183,59.355,59.335,59.138,58.824,58.48,58.212,58.104,58.192,58.497,59.003,59.65,60.379,61.161,61.974
61.311,61.622,61.92,62.193,62.426,62.605,62.727,62.796,62.82,62.81,62.784,62.761,62.758,62.786,62.851,62.953,63.084,63.237,63.413,63.613
36.185,38.175,40.132,41.932,43.482,44.755,45.831,46.791,47.661,48.492,49.345,50.261,51.267,52.366,53.538,54.737,55.907,57.011,58.037,59.002
67.128,67.365,67.6,67.831,68.054,68.266,68.463,68.641,68.799,68.935,69.049,69.143,69.223,69.29,69.351,69.41,69.471,69.535,69.601,69.667
66.694,66.854,67.015,67.179,67.344,67.507,67.666,67.816,67.957,68.086,68.201,68.305,68.402,68.496,68.597,68.713,68.85,69.011,69.199,69.413
62.924,63.769,64.53,65.211,65.831,66.414,66.989,67.574,68.176,68.792,69.407,70.001,70.555,71.062,71.517,71.921,72.282,72.608,72.904,73.172
59.297,59.915,60.52,61.111,61.682,62.231,62.758,63.266,63.763,64.256,64.757,65.275,65.815,66.377,66.963,67.57,68.189,68.807,69.417,70.005
50.421,50.526,50.613,50.683,50.726,50.725,50.671,50.561,50.403,50.206,49.978,49.743,49.529,49.365,49.287,49.329,49.503,49.809,50.248,50.801
49.955,49.831,49.615,49.304,48.892,48.378,47.784,47.145,46.492,45.853,45.252,44.715,44.272,43.961,43.824,43.899,44.19,44.685,45.373,46.229
68.81082927,68.9012439,69.0774878,69.31734146,69.57478049,69.7912439,70.49512195,70.49756098,70.5195122,70.09756098,69.29804878,68.77097561,68.13073171,67.54121951,66.74195122,67.02243902,67.57634146,68.37487805,67.98097561,67.67560976
70.536,70.814,71.085,71.343,71.583,71.804,72.008,72.201,72.386,72.569,72.757,72.955,73.166,73.388,73.62,73.854,74.086,74.309,74.523,74.731
74.0097561,74.36097561,74.46341463,74.56341463,74.56341463,74.61463415,74.76585366,74.76585366,75.01707317,75.21463415,75.36585366,75.61707317,75.4195122,75.6195122,75.62195122,76.02682927,76.42926829,76.5804878,76.58292683,76.63658537
64.914,65.206,65.504,65.796,66.059,66.27,66.416,66.495,66.512,66.481,66.424,66.368,66.336,66.343,66.396,66.494,66.626,66.782,66.959,67.156
68.031,68.456,68.856,69.223,69.551,69.835,70.078,70.283,70.451,70.58,70.669,70.723,70.748,70.752,70.745,70.736,70.731,70.738,70.762,70.809
68.795,69.038,69.272,69.497,69.715,69.923,70.123,70.312,70.491,70.658,70.811,70.951,71.079,71.2,71.321,71.451,71.596,71.756,71.93,72.112
71.93070732,72.1662439,72.4102439,72.66221951,72.92217073,73.18704878,73.45385366,73.71758537,73.9782439,74.23585366,74.49195122,74.74704878,75.00265854,75.25729268,75.50992683,75.75902439,76.00253659,76.23697561,76.46185366,76.6195122
67.942,68.203,68.439,68.688,68.972,69.293,69.624,69.943,70.252,70.551,70.842,71.124,71.399,71.666,71.923,72.168,72.399,72.617,72.824,73.025
60.528,61.087,61.632,62.158,62.659,63.131,63.574,63.986,64.368,64.721,65.047,65.349,65.633,65.903,66.162,66.414,66.66,66.899,67.134,67.363
63.937,64.289,64.617,64.92,65.194,65.443,65.67,65.883,66.085,66.281,66.47,66.655,66.842,67.037,67.249,67.491,67.764,68.067,68.399,68.748
49.778,50.981,52.117,53.17,54.12,54.959,55.692,56.331,56.881,57.346,57.73,58.047,58.318,58.566,58.817,59.096,59.415,59.782,60.204,60.683
58.637,59.191,59.766,60.353,60.946,61.54,62.109,62.619,63.035,63.307,63.384,63.247,62.894,62.331,61.561,60.595,59.489,58.315,57.144,56.048
52.863,52.905,52.915,52.87,52.72,52.402,51.888,51.173,50.282,49.249,48.125,46.987,45.919,44.983,44.242,43.735,43.461,43.413,43.594,44
60.203,60.65,61.025,61.28,61.356,61.199,60.792,60.136,59.235,58.1,56.749,55.243,53.653,52.044,50.48,49.009,47.661,46.466,45.461,44.649
